issue,severity,file,recommended_fix
"scripts/07_step5_decision.py saved no output table at all -- every number in report/07_step5.md (t_crit, t_observed, p-value, critical mean in original units, Wilcoxon statistic/p) existed only as console output -- violates PROJECT_BRIEF Rule 1",blocker,scripts/07_step5_decision.py,FIXED in this audit: added outputs/tables/07_hypothesis_test_results.csv.
"report/06_step4.md cites the observed effect size, power, beta, minimum n for 80%/90% power, and the Monte Carlo verification, none of which were saved to any file in outputs/ (printed only) -- violates PROJECT_BRIEF Rule 1",blocker,scripts/06_step4_errors.py,FIXED in this audit: added outputs/tables/06_observed_power_results.csv capturing all of these values.
"report/08_step6.md's Test B narrative (Levene stat/p, raw group means/stds) is not captured in outputs/tables/08_ttest_results.csv (only the adopted test's summary row is saved)",major,scripts/08_step6_ttests.py,FIXED in this audit: added outputs/tables/08_testB_group_stats.csv.
"Test A's sample (data/processed/sample_it_n40.csv) and Test B's original IT-sector draw were byte-identical (confirmed via file diff), because both scripts seed a fresh rng(42) and draw the IT-filtered sample as their first random operation -- Test A and Test B's IT arm were not independent evidence, though report/08_step6.md read as if they were two separate samples",major,"scripts/08_step6_ttests.py, report/08_step6.md","FIXED in this audit: reordered Test B to draw FMCG first, then IT, decoupling it from Step 5's draw; re-ran and updated report/08_step6.md and report/09_synthesis.md with the corrected, genuinely independent Test B result (which reverses direction and loses significance -- see below)."
outputs/figures/04_clt_panel_n5_15_40.png sets the y-axis label ('Density') on only the first of three subplots (axes[0]); the n=15 and n=40 panels have no y-axis label,minor,scripts/04_step2_clt_ci.py,"Call ax.set_ylabel('Density') on all three subplots, not just axes[0]."
"outputs/figures/02_qq_range_pct.png uses scipy's default probplot axis labels ('Theoretical quantiles' / 'Ordered Values'), omitting the '(%)' unit every other range_pct figure carries",minor,scripts/02_eda.py,Add explicit axis labels with units after calling stats.probplot.
scripts/03_step1_sampling.py computes the 'true population std' with ddof=1 (1.077912) while scripts/04_step2_clt_ci.py computes 'true population sigma' with ddof=0 (1.077821) for the same conceptual quantity -- numerically negligible at n=5928 but methodologically inconsistent,minor,"scripts/03_step1_sampling.py, scripts/04_step2_clt_ci.py",Standardize on ddof=0 for any value explicitly labeled a true population parameter; reserve ddof=1 for genuine sample statistics.
"scripts/01_acquire_data.py hits a live Yahoo Finance API; adj_close drifts by up to 0.00146 on 1,981/5,928 rows between calls (though OHLC and all variables actually used are byte-identical, and the adj_close-dependent hazard count (22) is unchanged)",minor,scripts/01_acquire_data.py,"Treat the git-committed data/raw/yfinance_raw.csv and data/processed/population.csv as the sole canonical source for all downstream work; never re-run 01 for reproduction. If it must be re-run, verify OHLC equality (not adj_close) as the reproducibility bar."
"outputs/tables/02_normality_variance_tests.csv, 04_sampling_distribution.csv, and 04_clt_ci_results.csv report test statistics without an explicit n / n_used column",minor,"scripts/02_eda.py, scripts/04_step2_clt_ci.py",Add an n (or n_used) column/row to each of these tables.
